pdb,interface,dpi_score
H1157,A_B,0.9991677
H1217,G_C,0.99809366
H1217,G_H,0.9996464
H1217,C_E,0.9986644
H1217,C_F,0.99908614
H1217,C_B,0.99816763
H1217,I_E,0.9989827
H1217,I_A,0.9993081
H1217,E_D,0.99923384
H1217,A_D,0.99751735
H1217,H_D,0.9979431
H1217,D_F,0.99872214
H1217,J_F,0.99835974
H1217,J_B,0.9993748
