pdb,interface,y_logits,y_preds,dpi_score
H1157,A_B,[4.8321928e-04 9.9951684e-01],1,0.9995168447494507
